INSERT INTO Menu (MenuID, MenuItemsID, Name, Cuisine, Price)
VALUES
(1, 1, 'Gia sas', 'Greek', 82),
(2, 2, 'Kafenio', 'Greek', 51),
(3, 3, 'Pomodoro fresco', 'Italian', 85),
(4, 4, 'Salsa di pomodoro ', 'Italian', 83),
(5, 5, 'Tavuk', 'Turkish', 42),
(6, 6, 'Pirzola', 'Turkish', 77);


INSERT INTO MenuItems (MenuItemsID, Course, Starter, Dessert, Drink, Side)
VALUES
(1, 'Greek salad', 'Olives', 'Greek yoghurt', 'Athens White wine', 'Tapas'),
(2, 'Bean soup', 'Flatbread', 'Ice cream', 'Corfu Red Wine', 'Potato salad'),
(3, 'Pizza', 'Minestrone', 'Cheesecake', 'Italian Coffee', 'Bruschetta'),
(4, 'Carbonara', 'Tomato bread', 'Affogato', 'Roma Red wine', 'Focaccia'),
(5, 'Kabasa', 'Falafel', 'Turkish yoghurt', 'Ankara White Wine', 'Meatballs'),
(6, 'Shwarma', 'Hummus', 'Baklava', 'Turkish Coffee', 'Fries');


INSERT INTO Staff (StaffID, FullName, Role, Salary, ContactNum)
VALUES 
(1, 'Mario Gollini', 'Manager', 70000, '351258074'),
(2, 'Adrian Gollini', 'Assistant Manager', 65000, '351474048'),
(3, 'Giorgos Dioudis', 'Head Chef', 50000, '351970582'),
(4, 'Fatma Kaya', 'Assistant Chef', 45000, '351963569'),
(5, 'Elena Salvai', 'Head Waiter', 40000, '351074198');

INSERT INTO Customers (CustomerID, FullName, ContactNum, Email, Address, Zip)
VALUES
(1, 'Casper Holmes', '3512385039', 'casperh@gmail.com', '724 Parsley Lane, Chicago, IL', 60610),
(2, 'Rupert Castaneda', '3514920584', 'rupertc@gmail.com', '334 Dill Square, Chicago, IL', 60614),
(3, 'Cameron Foley', '3519385037', 'cameronf@gmail.com', '879 Sage Street, Chicago, IL', 60661),
(4, 'Kaan Malone', '3518402857', 'kaanm@gmail.com', '132  Bay Lane, Chicago, IL', 60610),
(5, 'Flora Bishop', '3519375028', 'florab@gmail.com', '989 Thyme Square, Chicago, IL', 60660),
(6, 'Eliza Cole', '3510385028', 'elizac@gmail.com', '245 Dill Square, Chicago, IL', 60614),
(7, 'Fred Mayer', '3518492058', 'fredm@gmail.com', '2263 John Calvin Drive, Chicago, IL', 60607),
(8, 'Max Nelson', '3514629563', 'maxn@gmail.com', '2154 Nash Street, Chicago, IL', 60601),
(9, 'Mikayla Jarvis', '3512759473', 'mikaylaj@gmail.com', '1902 Poplar Street, Chicago, IL', 60605),
(10, 'Harvey Boyd', '3516492057', 'harveyb@gmail.com', '1923 Vine Street, Chicago, IL', 60631);


INSERT INTO Delivery (DeliveryID, OrderID, Status, DeliveryDate, DeliveryTime)
VALUES
(1, 2, 'Delivered', '2022-11-12', '7:00:00'),
(2, 10, 'Delivered', '2022-10-19', '8:00:00');


INSERT INTO Bookings (BookingID, Date, Time, TableNum, CustomerID, StaffID)
VALUES
(1, '2022-10-10', '5:00:00', 5, 1, 2),
(2, '2022-11-12', '6:00:00', 3, 3, 2),
(3, '2022-10-11', '7:00:00', 2, 2, 5),
(4, '2022-10-13', '8:00:00', 2, 2, 1),
(5, '2022-10-14', '9:00:00', 19, 10, 2),
(6, '2022-10-15', '10:00:00', 20, 7, 4),
(7, '2022-10-16', '11:00:00', 19, 10, 5),
(8, '2022-10-17', '5:00:00', 17, 4, 1),
(9, '2022-10-18', '6:00:00', 6, 1, 3),
(10, '2022-10-19', '7:00:00', 7, 2, 1),
(11, '2022-10-20', '8:00:00', 15, 4, 2),
(12, '2022-10-21', '9:00:00', 5, 4, 2),
(13, '2022-10-22', '10:00:00', 9, 5, 5),
(14, '2022-10-23', '11:00:00', 20, 1, 1),
(15, '2022-10-24', '5:00:00', 20, 2, 5),
(16, '2022-10-25', '6:00:00', 17, 3, 4),
(17, '2022-10-26', '7:00:00', 13, 3, 1),
(18, '2022-10-27', '8:00:00', 20, 8, 3),
(19, '2022-10-28', '9:00:00', 18, 6, 2),
(20, '2022-10-29', '10:00:00', 6, 5, 4),
(21, '2022-10-30', '11:00:00', 20, 7, 5),
(22, '2022-10-31', '5:00:00', 3, 5, 4),
(23, '2022-11-01', '6:00:00', 5, 10, 3),
(24, '2022-11-02', '7:00:00', 5, 8, 2),
(25, '2022-11-03', '8:00:00', 19, 5, 3),
(26, '2022-11-04', '9:00:00', 14, 2, 5),
(27, '2022-11-05', '10:00:00', 13, 4, 5),
(28, '2022-11-06', '11:00:00', 10, 4, 3),
(29, '2022-11-07', '5:00:00', 17, 7, 3),
(30, '2022-11-08', '6:00:00', 10, 4, 4),
(31, '2022-11-09', '7:00:00', 3, 9, 4),
(32, '2022-11-10', '8:00:00', 20, 2, 2),
(33, '2022-11-11', '9:00:00', 8, 6, 1),
(34, '2022-11-12', '10:00:00', 20, 1, 2),
(35, '2022-11-13', '11:00:00', 20, 9, 2),
(36, '2022-11-14', '5:00:00', 18, 3, 5),
(37, '2022-11-15', '6:00:00', 12, 1, 1),
(38, '2022-11-16', '7:00:00', 9, 9, 3),
(39, '2022-11-17', '8:00:00', 10, 10, 4),
(40, '2022-11-18', '9:00:00', 10, 7, 5),
(41, '2022-11-19', '10:00:00', 12, 10, 3),
(42, '2022-11-20', '11:00:00', 20, 7, 4),
(43, '2022-11-21', '5:00:00', 13, 6, 3),
(44, '2022-11-22', '6:00:00', 19, 8, 5),
(45, '2022-11-23', '7:00:00', 7, 6, 1),
(46, '2022-11-24', '8:00:00', 18, 10, 3),
(47, '2022-11-25', '9:00:00', 14, 3, 2),
(48, '2022-11-26', '10:00:00', 3, 9, 5),
(49, '2022-11-27', '11:00:00', 13, 1, 4),
(50, '2022-11-28', '5:00:00', 20, 9, 2),
(51, '2022-11-29', '6:00:00', 16, 10, 1),
(52, '2022-11-30', '7:00:00', 7, 7, 1),
(53, '2022-12-01', '8:00:00', 11, 1, 1),
(54, '2022-12-02', '9:00:00', 12, 2, 1),
(55, '2022-12-03', '10:00:00', 2, 6, 5),
(56, '2022-12-04', '11:00:00', 7, 3, 2),
(57, '2022-12-05', '5:00:00', 15, 4, 5),
(58, '2022-12-06', '6:00:00', 15, 6, 5),
(59, '2022-12-07', '7:00:00', 1, 4, 3),
(60, '2022-12-08', '8:00:00', 13, 10, 4),
(61, '2022-12-09', '9:00:00', 9, 8, 2),
(62, '2022-12-10', '10:00:00', 2, 9, 2),
(63, '2022-12-11', '11:00:00', 18, 9, 5),
(64, '2022-12-12', '5:00:00', 11, 4, 1),
(65, '2022-12-13', '6:00:00', 15, 3, 1),
(66, '2022-12-14', '7:00:00', 4, 3, 3),
(67, '2022-12-15', '8:00:00', 18, 7, 4),
(68, '2022-12-16', '9:00:00', 5, 5, 3),
(69, '2022-12-17', '10:00:00', 8, 1, 1),
(70, '2022-12-18', '11:00:00', 7, 6, 1),
(71, '2022-12-19', '5:00:00', 19, 6, 5),
(72, '2022-12-20', '6:00:00', 13, 10, 1),
(73, '2022-12-21', '7:00:00', 15, 7, 3),
(74, '2022-12-22', '8:00:00', 11, 5, 1),
(75, '2022-12-23', '9:00:00', 14, 2, 3),
(76, '2022-12-24', '10:00:00', 15, 9, 2),
(77, '2022-12-25', '11:00:00', 20, 6, 3),
(78, '2022-12-26', '5:00:00', 18, 5, 5),
(79, '2022-12-27', '6:00:00', 12, 3, 1),
(80, '2022-12-28', '7:00:00', 8, 8, 3),
(81, '2022-12-29', '8:00:00', 12, 6, 5),
(82, '2022-12-30', '9:00:00', 18, 8, 4),
(83, '2022-12-31', '10:00:00', 7, 5, 4),
(84, '2023-01-01', '11:00:00', 17, 2, 1),
(85, '2023-01-02', '5:00:00', 10, 4, 2),
(86, '2023-01-03', '6:00:00', 15, 8, 2),
(87, '2023-01-04', '7:00:00', 20, 6, 2),
(88, '2023-01-05', '8:00:00', 16, 4, 4),
(89, '2023-01-06', '9:00:00', 7, 7, 4),
(90, '2023-01-07', '10:00:00', 8, 2, 3),
(91, '2023-01-08', '11:00:00', 1, 5, 5),
(92, '2023-01-09', '5:00:00', 5, 4, 1),
(93, '2023-01-10', '6:00:00', 1, 4, 5),
(94, '2023-01-11', '7:00:00', 10, 1, 2),
(95, '2023-01-12', '8:00:00', 4, 6, 1),
(96, '2023-01-13', '9:00:00', 15, 6, 5),
(97, '2023-01-14', '10:00:00', 16, 8, 3),
(98, '2023-01-15', '11:00:00', 20, 2, 2),
(99, '2023-01-16', '5:00:00', 6, 2, 1),
(100, '2023-01-17', '6:00:00', 18, 6, 4);


INSERT INTO Orders (OrderID, MenuID, Quantity, TotalCost, CustomerID, StaffID, BookingID, OrderDate)
VALUES
(1, 6, 2, 216, 1, 2, 1, '2022-10-10'),
(2, 2, 2, 211, 3, 4, 2, '2022-11-12'),
(3, 2, 1, 259, 2, 5, 3, '2022-10-11'),
(4, 1, 4, 232, 2, 2, 4, '2022-10-13'),
(5, 6, 4, 133, 10, 2, 5, '2022-10-14'),
(6, 3, 1, 104, 7, 1, 6, '2022-10-15'),
(7, 4, 1, 205, 10, 2, 7, '2022-10-16'),
(8, 6, 4, 242, 4, 5, 8, '2022-10-17'),
(9, 3, 4, 199, 1, 5, 9, '2022-10-18'),
(10, 3, 4, 276, 2, 3, 10, '2022-10-19'),
(11, 6, 2, 190, 4, 4, 11, '2022-10-20'),
(12, 6, 2, 115, 4, 1, 12, '2022-10-21'),
(13, 3, 4, 208, 5, 1, 13, '2022-10-22'),
(14, 1, 3, 140, 1, 2, 14, '2022-10-23'),
(15, 6, 2, 150, 2, 4, 15, '2022-10-24'),
(16, 1, 1, 214, 3, 2, 16, '2022-10-25'),
(17, 5, 4, 152, 3, 1, 17, '2022-10-26'),
(18, 2, 1, 159, 8, 2, 18, '2022-10-27'),
(19, 5, 2, 250, 6, 4, 19, '2022-10-28'),
(20, 6, 1, 86, 5, 5, 20, '2022-10-29'),
(21, 2, 3, 268, 7, 1, 21, '2022-10-30'),
(22, 5, 4, 205, 5, 2, 22, '2022-10-31'),
(23, 6, 3, 224, 10, 1, 23, '2022-11-01'),
(24, 4, 4, 264, 8, 5, 24, '2022-11-02'),
(25, 3, 1, 193, 5, 4, 25, '2022-11-03'),
(26, 5, 4, 186, 2, 3, 26, '2022-11-04'),
(27, 6, 3, 221, 4, 1, 27, '2022-11-05'),
(28, 3, 2, 238, 4, 3, 28, '2022-11-06'),
(29, 4, 4, 291, 7, 3, 29, '2022-11-07'),
(30, 4, 2, 112, 4, 3, 30, '2022-11-08'),
(31, 1, 1, 274, 9, 5, 31, '2022-11-09'),
(32, 4, 3, 237, 2, 4, 32, '2022-11-10'),
(33, 4, 4, 96, 6, 1, 33, '2022-11-11'),
(34, 5, 2, 238, 1, 5, 34, '2022-11-12'),
(35, 6, 2, 242, 9, 1, 35, '2022-11-13'),
(36, 3, 2, 183, 3, 1, 36, '2022-11-14'),
(37, 4, 1, 224, 1, 1, 37, '2022-11-15'),
(38, 3, 2, 205, 9, 4, 38, '2022-11-16'),
(39, 3, 3, 156, 10, 2, 39, '2022-11-17'),
(40, 1, 4, 168, 7, 1, 40, '2022-11-18'),
(41, 3, 4, 202, 10, 5, 41, '2022-11-19'),
(42, 4, 2, 138, 7, 2, 42, '2022-11-20'),
(43, 5, 1, 164, 6, 3, 43, '2022-11-21'),
(44, 3, 4, 156, 8, 5, 44, '2022-11-22'),
(45, 6, 1, 200, 6, 5, 45, '2022-11-23'),
(46, 6, 4, 230, 10, 5, 46, '2022-11-24'),
(47, 1, 3, 95, 3, 3, 47, '2022-11-25'),
(48, 5, 3, 185, 9, 4, 48, '2022-11-26'),
(49, 1, 1, 158, 1, 5, 49, '2022-11-27'),
(50, 1, 4, 146, 9, 4, 50, '2022-11-28'),
(51, 5, 3, 212, 10, 1, 51, '2022-11-29'),
(52, 3, 1, 143, 7, 3, 52, '2022-11-30'),
(53, 1, 2, 231, 1, 3, 53, '2022-12-01'),
(54, 5, 2, 102, 2, 3, 54, '2022-12-02'),
(55, 3, 4, 133, 6, 2, 55, '2022-12-03'),
(56, 2, 2, 221, 3, 2, 56, '2022-12-04'),
(57, 4, 3, 267, 4, 1, 57, '2022-12-05'),
(58, 2, 2, 286, 6, 5, 58, '2022-12-06'),
(59, 2, 3, 218, 4, 3, 59, '2022-12-07'),
(60, 5, 3, 128, 10, 1, 60, '2022-12-08'),
(61, 3, 1, 100, 8, 1, 61, '2022-12-09'),
(62, 3, 2, 215, 9, 1, 62, '2022-12-10'),
(63, 2, 1, 274, 9, 1, 63, '2022-12-11'),
(64, 1, 3, 226, 4, 3, 64, '2022-12-12'),
(65, 3, 2, 116, 3, 5, 65, '2022-12-13'),
(66, 6, 1, 193, 3, 3, 66, '2022-12-14'),
(67, 2, 4, 223, 7, 5, 67, '2022-12-15'),
(68, 1, 1, 127, 5, 3, 68, '2022-12-16'),
(69, 4, 1, 252, 1, 3, 69, '2022-12-17'),
(70, 3, 4, 137, 6, 2, 70, '2022-12-18'),
(71, 4, 3, 221, 6, 5, 71, '2022-12-19'),
(72, 2, 3, 268, 10, 5, 72, '2022-12-20'),
(73, 1, 3, 193, 7, 5, 73, '2022-12-21'),
(74, 2, 2, 216, 5, 2, 74, '2022-12-22'),
(75, 2, 2, 274, 2, 1, 75, '2022-12-23'),
(76, 6, 2, 116, 9, 1, 76, '2022-12-24'),
(77, 5, 4, 106, 6, 1, 77, '2022-12-25'),
(78, 6, 2, 108, 5, 1, 78, '2022-12-26'),
(79, 2, 1, 252, 3, 2, 79, '2022-12-27'),
(80, 4, 4, 100, 8, 2, 80, '2022-12-28'),
(81, 6, 1, 104, 6, 5, 81, '2022-12-29'),
(82, 2, 3, 262, 8, 2, 82, '2022-12-30'),
(83, 2, 3, 222, 5, 4, 83, '2022-12-31'),
(84, 2, 1, 288, 2, 5, 84, '2023-01-01'),
(85, 2, 4, 148, 4, 1, 85, '2023-01-02'),
(86, 2, 3, 164, 8, 5, 86, '2023-01-03'),
(87, 4, 2, 243, 6, 1, 87, '2023-01-04'),
(88, 1, 1, 268, 4, 4, 88, '2023-01-05'),
(89, 1, 2, 211, 7, 4, 89, '2023-01-06'),
(90, 5, 1, 207, 2, 1, 90, '2023-01-07'),
(91, 5, 2, 104, 5, 5, 91, '2023-01-08'),
(92, 1, 1, 189, 4, 5, 92, '2023-01-09'),
(93, 6, 2, 209, 4, 1, 93, '2023-01-10'),
(94, 1, 2, 86, 1, 2, 94, '2023-01-11'),
(95, 2, 4, 270, 6, 4, 95, '2023-01-12'),
(96, 1, 1, 90, 6, 1, 96, '2023-01-13'),
(97, 6, 4, 265, 8, 1, 97, '2023-01-14'),
(98, 4, 3, 290, 2, 5, 98, '2023-01-15'),
(99, 1, 1, 117, 2, 1, 99, '2023-01-16'),
(100, 6, 2, 96, 6, 2, 100, '2023-01-17');
